{"cameraMode":{"drawMode":0,"name":"Shaded","section":"Shading Mode"},"sceneLighting":true,"audioPlay":false,"sceneViewState":{"m_AlwaysRefresh":false,"showFog":true,"showSkybox":true,"showFlares":true,"showImageEffects":true,"showParticleSystems":true,"showVisualEffectGraphs":true,"m_FxEnabled":true},"in2DMode":false,"pivot":{"x":10.040982246398926,"y":-0.39583635330200198,"z":-2.3591842651367189},"rotation":{"x":0.4855550229549408,"y":0.33018362522125246,"z":-0.20471875369548798,"w":0.7831481099128723},"size":12.465112686157227,"orthographic":true}