{"cameraMode":{"drawMode":0,"name":"Shaded","section":"Shading Mode"},"sceneLighting":true,"audioPlay":false,"sceneViewState":{"m_AlwaysRefresh":false,"showFog":true,"showSkybox":true,"showFlares":true,"showImageEffects":true,"showParticleSystems":true,"showVisualEffectGraphs":true,"m_FxEnabled":true},"in2DMode":false,"pivot":{"x":0.0036870576441287996,"y":-0.002447512000799179,"z":0.002877764403820038},"rotation":{"x":0.45725294947624209,"y":-0.14369210600852967,"z":0.07514657080173493,"w":0.8744353652000427},"size":22.362417221069337,"orthographic":false}